number,license,phone
0,4567890,490.2347583
1,1234567,858.2342345
2,8901234,858.2383456
3,1234567,908.2342345
4,4567890,909.4657283
5,1357924,294.8683290