{
    "Number":{
      "0":1,
      "1":2,
      "2":3,
      "3":4,
      "4":5,
      "5":6
    },
    "License Plate":{
      "0":1234567,
      "1":8901234,
      "2":1234567,
      "3":2345678,
      "4":4567890,
      "5":1357924
    },
    "Phone Number":{
      "0":858.2342345,
      "1":858.2383456,
      "2":908.2342345,
      "3":909.4657283,
      "4":490.2347583,
      "5":294.8683290
    }
}